{
  "556691": {
    "nome": "Felipe Moreira",
    "crm": "556691",
    "especialidade": "Cardiologista",
    "pacientes": [
      "jose@gmail.com"
    ]
  },
  "jose@gmail.com": {
    "nome": "Jos\u00e9 Amlmeida",
    "email": "jose@gmail.com",
    "data_nascimento": "20/01/1990",
    "doenca": "arritmia card\u00edaca",
    "medico_crm": "556691",
    "prescricoes": [
      "Atenolol 25mg 1x ao dia por 15 dias"
    ],
    "info_extra": [
      "Ol\u00e1 Doutor, estou sentindo uma forte dor no peito"
    ],
    "consultas": [
      {
        "data": "01/07/2025",
        "medico_crm": "556691"
      }
    ]
  }
}